developer,Negative,Neutral,Positive
07th Expansion,1,1,0
"10th Art Studio,Adventure Productions",2,0,2
11 bit studios,63,15,60
14° East,1,0,1
17-BIT,0,0,4
1C Company,1,0,2
1C-Avalon,0,0,4
1C-SoftClub,0,0,4
1C: Maddox Games,0,1,7
1C:InoCo,4,0,1
24 Caret Games,0,0,2
2D BOY,1,0,6
2DArray,0,0,3
2DEngine.com,0,0,1
"2K Australia,Gearbox Software,Aspyr (Mac &amp; Linux)",0,0,2
"2K Australia,Gearbox Software,Aspyr (Mac and Linux)",18,32,88
"2K Australia,Gearbox Software,Aspyr (Mac,Linux)",6,0,0
"2K Boston,2K Australia",20,10,94
"2K Czech,Feral Interactive (Mac)",5,13,22
2K Marin,4,0,6
"2K Marin,2K China,Digital Extremes,2K Australia,Feral Interactive (Mac)",4,0,11
2Play,4,4,28
2x2 Games,0,0,2
3 Sprockets,2,0,10
3000AD,4,0,0
"343 Industries,Vanguard Games",0,0,2
3909,20,22,86
3D Realms (Apogee Software),0,0,3
3f Interactive,0,0,4
49 Games,0,3,0
4A Games,2,5,12
5 Bits Games,0,0,6
5th Cell Media,11,26,94
773,0,0,2
777 Studios,2,0,2
8-Bit Studio,5,0,0
800 North and Digital Ranch,30,32,56
8888888 LABS,2,0,2
88mm,0,0,1
8monkey Labs,0,0,1
9heads Game Studios,8,1,6
@unepic_fran,3,0,12
A Crowd of Monsters,3,0,0
A Jolly Corpse,0,0,3
ACE Team,20,8,10
ACQUIRE Corp.,4,0,18
AGC,3,6,3
ALICE IN DISSONANCE,0,0,3
ALLPlayer Group Ltd.,0,1,0
AMPLITUDE Studios,19,10,64
Abbey Games,0,12,37
Abstraction Games,1,0,0
"Acceleroto, Inc.",0,0,1
Access Games,0,3,0
Acid Nerve,9,0,0
Actalogic,4,0,2
Adam Foster,0,2,8
Afterthought LLC,0,0,6
Airtight Games,8,2,18
Akakiy Petrushkin,0,0,2
"Akella,.dat",0,0,2
"AlPixel Games,Luis Diaz,Gustavo Santos,Albert Fernandez,Tice Thomason",0,0,12
Alan Edwardes,12,20,92
Alan Zucconi,0,0,2
Alawar,0,0,4
Aleksey Abramenko,2,2,2
Alex Zhang,0,2,0
Alexander Bruce,10,10,74
Alice &amp; Smith,0,0,4
Alien Sync Interactive,2,0,0
Alientrap,4,4,13
Almost Human Games,9,6,12
Altar Games,2,2,0
Alternative Software Ltd,0,0,5
Amanita Design,0,4,11
"Amaranth Games, LLC",4,0,0
Anarchy Enterprises,4,0,3
"AndrewMD5,Codeusa",0,0,2
Andrii Vintsevych,24,4,28
Andy Wallace,0,3,3
Angry Mob Games,4,0,0
Animation Arts,0,1,0
Anisoptera Games,6,0,3
Ankama Studio,0,0,35
Anothink,2,0,2
"Antanas Marcelionis,Renė Petrulienė",0,0,4
Apeiron,0,0,2
Aperture Tag Team,8,0,32
Aquiris Game Studio,3,0,0
Arachnid Games,0,0,4
Aratog LLC,0,0,4
Arc System Works,0,2,4
"Arcen Games, LLC",0,3,15
Archive Entertainment,48,54,126
Arkane Studios,26,44,146
Arkavi Studios,0,0,2
Arkedo,0,0,3
Arrowhead Game Studios,24,55,111
Artefacts Studio,0,0,3
Artery Games,2,8,8
Artifex Mundi,0,2,2
Artifice Studio,5,5,10
Ascaron,0,0,1
Ascaron Entertainment ltd.,1,0,1
Ascension Entertainment LLC,0,3,12
Aspyr,0,0,3
Aspyr Studios,2,0,4
Atapki,0,0,1
Atelier 801,6,24,39
AtomicTorch Studio,0,0,5
Atypical Games,0,0,3
Aurelien Regard,0,0,3
"Autobotika,Game Nation Inc",0,0,3
Avalanche Software,3,3,2
Avalanche Studios,85,123,380
"Avalanche Studios,Feral Interactive (Mac/Linux)",12,12,38
Avidly Wild Games,0,0,3
Awesome Games Studio,12,12,128
AwesomeBlade,0,0,3
Axis Game Factory,0,0,14
Axis Game Factory LLC,0,0,20
Axyos Games,0,8,0
BANDAI NAMCO Studio Inc.,1,1,5
BS1 &amp; BSL Team,1,0,0
BUGBEAR,0,0,2
Bacon Wrapped Games,0,0,2
"BadFly Interactive, a.s.",4,0,4
Badland Studio,0,0,9
Baggy Cat Ltd,0,0,6
Baller Industries,0,1,0
Bankroll Studios,32,16,24
"Bat Country Games, LLC",0,0,6
"Batterystaple Games,Fire Hose Games",0,0,4
BattleGoat Studios,0,3,5
Beam Team Games,42,33,123
BeamNG,9,6,21
Beamdog,2,0,6
BeautiFun Games,0,0,3
Bedlam Games,2,0,0
Bedtime Digital Games,0,0,2
Behold Studios,4,2,7
"Ben 'Yahtzee' Croshaw,Collected Worlds",0,0,1
Benjamin Bryant,0,0,3
Benjamin Rivers Inc.,2,0,6
Best Way,1,0,2
BetaDwarf,8,4,0
Bethesda Game Studios,45,43,177
Big Ant Studios,0,0,17
Big Fat Alien,4,0,0
Big Finish Games,0,0,2
"Big Huge Games,38 Studios",4,4,22
Big Robot Ltd,8,6,24
BigAnt Studios,0,0,1
Binary Fortress Software,0,0,1
"Binary Zoo,The Game Creators",3,0,15
BioWare,4,5,52
BioWare Corporation,0,0,1
"BioWare,Aspyr (Mac)",8,8,30
"BitMonster, Inc.",15,5,33
Bitbox Ltd.,8,0,60
Bithell Games,4,4,16
"Bitl,Cobalt-57",3,0,0
Bizarre Creations,0,2,2
Black Element,0,0,2
Black Forest Games,0,0,2
Black Isle Studios,3,3,3
Black Jacket Studios,0,0,4
Black Lion Studios,1,0,0
Black Pants Studio,0,0,8
Black Sea Studios Ltd,1,0,1
Black Shell Games,3,3,6
Blackfire Games,0,0,4
Blackhole,4,0,4
Blackpowder Games,0,0,3
BlankMediaGames,24,0,51
Blender Foundation,0,0,12
Blendo Games,11,6,6
BlinkWorks Media,0,2,4
Blit Software,1,2,2
Bloober Team SA,4,2,4
Blue Bottle Games,12,0,18
Blue Byte,6,11,11
Blue Isle Studios,12,6,15
Blue Mammoth Games,15,15,63
Blue Manchu,0,6,9
BlueEagle Productions,0,0,3
BlueGiant Interactive,3,0,3
BlueLine Games,4,4,8
Bluebutton Games,4,4,20
Bluehole Ginno Games,0,4,4
"Bluehole, Inc.",15,25,120
Bob the Game Development Bot,6,0,0
Bohemia Interactive,834,655,2228
Boneloaf,20,16,32
Bongfish GmbH,3,0,0
"Boolat Games,Alawar Entertainment",0,0,3
Born Ready Games,0,0,2
Born Ready Games Ltd.,2,3,17
Boss Baddie,2,2,2
Bossa Studios,66,86,191
Brace Yourself Games,12,9,21
Brain Bombers,1,0,0
Brainchild,0,0,4
Brawsome,0,0,6
Breakfall,12,0,16
Brian Cronin,0,4,8
Brightrock Games,2,4,8
Brilliant Skies Ltd.,7,14,28
Broken Rules,4,0,2
Browny Application,0,2,0
Brytenwalda,0,8,16
Bugbear,24,12,114
Bugbear Entertainment,1,1,8
BumpkinBrothers,0,2,2
BurstRay Games,0,0,3
Burut CT,1,0,0
Bytebin,8,0,8
C3SK,3,0,3
"CAPCOM CO., LTD.",0,0,2
"CAPCOM Co., Ltd.",13,10,10
CAT IN JAR GAMES,0,3,0
"CAVE Interactive CO.,LTD.",0,0,1
CCCP,0,0,6
CCP,15,10,35
CD PROJEKT RED,10,13,51
"CD PROJEKT RED,Can Explode",0,0,2
CI Games,1,1,4
"CI Games,Deck 13",4,0,8
"CINEMAX, s.r.o.",3,6,1
CSR-Studios,3,9,18
Cabygon,0,3,0
Cadenza Interactive,0,2,2
Camouflaj,0,0,3
Camshaft Software,0,0,12
Capcom,29,24,49
Capcom Game Studio Vancouver,3,2,11
Capcom Vancouver,10,4,14
Capybara Games,0,0,3
"Capybara,Superbrothers,Jim Guthrie",0,0,4
Carbon Games,45,65,220
Carlsen Games,4,0,8
Carmine T. Guida,0,3,3
Cat5Games,0,3,3
Cauldron,0,0,2
Cavedog Entertainment,1,0,2
Cellar Door Games,3,12,105
Celsius Game Studios,0,0,4
Centauri Production,2,1,0
"Chad Close,Kyle Weik",0,0,5
Chaosoft Games,4,0,0
Cherry Pop Games,21,5,20
Childish Things,0,2,0
Choice of Games,2,2,12
Chris Sawyer Productions,2,0,6
Chucklefish,105,220,1190
Cipher Prime Studios,2,4,2
"Circle Five Studios,Pub Games",4,6,6
City Interactive,4,6,9
Clickteam,4,0,12
Cliffhanger Productions,0,3,0
"Cliffhanger Productions,Catalyst Games Lab",0,0,4
Climax Studios,2,0,5
ClockStone,0,3,6
Cloud 9 Studio,0,0,4
CoaguCo Industries,0,0,2
Cobra Mobile,0,0,5
Cockroach Inc.,0,0,3
Code Club AB,0,0,3
CodeBrush Games,27,21,63
Codemasters,6,0,4
Codemasters Action Studio,2,0,0
Codemasters Birmingham,0,0,3
Codemasters Digital,0,2,2
"Codemasters Racing,Feral Interactive (Mac)",4,6,32
"Codemasters Racing,Feral Interactive (Mac),Feral Interactive (Linux)",2,0,10
Codemasters Studios,2,0,3
"Codemasters,Feral Interactive (Linux)",2,0,8
Codename Entertainment Inc.,0,0,6
Code}{atch,55,50,145
Coffee Stain Studios,147,234,591
Cold Beam Games,9,15,39
Colibri Games,0,0,6
Colonthree Enterprises,3,0,0
Colossal Games,0,0,3
Colossal Order Ltd.,20,20,91
ComiPo! LLP,0,3,3
Compulsion Games,0,2,14
Conrad Nelson,0,3,0
Convoy Games,0,0,10
Core Design,2,0,6
Coredumping,0,0,4
"Coreplay GmbH,Bigmoon Studios",3,0,3
Cosmic Cow LLC,12,6,24
Crackpot Entertainment,0,4,0
Crackshell,8,12,32
Crankshaft Games,3,0,0
Crate Entertainment,0,12,20
Crazy Moo Games,0,12,6
Crazy Viking Studios,3,3,6
Creability,3,6,24
Creative Assembly,32,14,76
"Creative Assembly, PC Port - Hardlight",2,0,2
"Creative Assembly,Feral Interactive (Mac),Feral Interactive (Linux)",6,9,28
CreativeForge Games,1,0,4
"Crescent Moon Games,Cinopt Studios",0,1,1
Crian Soft,4,0,0
Criterion Games,6,3,37
Critical Studio,3,9,21
Croteam,8,11,37
"Croteam,Alligator Pit",0,3,3
Crowbar Collective,4,8,52
Crows Crows Crows,2,6,18
Cryptic Sea,0,0,1
Cryptic Studios,37,61,245
Crystal Dynamics,2,0,6
"Crystal Dynamics,Feral Interactive (Mac)",0,0,2
"Crystal Dynamics,Feral Interactive (Mac),Feral Interactive (Linux)",32,46,212
Crystal Shard,0,0,8
Crytek,78,30,103
Crytek Studios,3,2,12
Curve Studios,4,0,4
Cyan Worlds,0,0,2
Cyanide,0,2,2
Cyanide Montreal,1,0,1
Cyanide Studio,0,0,6
Cyanide Studio - Spiders Studios,0,0,2
Cyanide Studios,8,6,4
CyberConnect2 Co. Ltd.,10,12,36
"CyberConnect2 Co., Ltd.",2,4,16
Cyberdreams,0,1,0
Cyberlore,0,0,2
Cybertime System,4,0,8
D-Pad Studio,0,0,12
DICE,31,36,115
DIMPS,3,5,20
DL Softworks,3,6,21
DONTNOD Entertainment,2,0,20
"DONTNOD Entertainment,Feral Interactive (Mac),Feral Interactive (Linux)",38,24,178
DR Studios,12,6,12
Daedalic Entertainment,5,5,15
Damaged,0,2,0
"Damian Sommer,Emily Carroll",0,0,4
"Dan  Walters,Ceri Williams",3,3,6
Dan Fornace,2,3,1
Dan Walters,0,0,6
Dancing Dragon Games,2,0,2
Daniel Davies,4,0,8
Daniel Jonathan Bourke,3,9,9
Dark Amber Softworks,4,0,0
Dark Artz Entertainment,3,0,0
Dark Day Interactive,6,0,6
Dark Energy Digital Ltd.,8,0,8
DarkElite,0,3,6
Darklight Games,0,0,2
Data Realms,9,0,18
David OReilly,12,28,84
David Stark,0,0,4
David Szymanski,1,3,9
David Williamson,0,0,3
Day 1 Studios,4,0,6
Daybreak Game Company,140,236,948
Days of Wonder,0,0,3
DeXP,0,0,5
Dead Mage,2,0,0
Dead Shark Triplepunch,3,3,9
Decent Machine,3,0,3
Deck13,0,0,1
Deck13 Hamburg,0,0,6
Deconstructeam,4,6,2
Deep Red Limited,0,0,2
Deep Silver Volition,46,110,246
"Deep Silver Volition,High Voltage Software",4,1,10
Defence Alliance Team,0,1,3
Defiant Development,0,0,21
Deion Mobile,0,3,0
"Dejobaan Games, LLC",0,0,14
Dekovir Entertainment,4,4,8
Demiurge Studios,3,0,15
Dennaton Games,72,58,158
Desert Owl Games LLC,0,3,0
Destructive Creations,2,2,0
Devil's Details,4,1,7
Dharker Studio,0,0,4
DiezelPower,2,4,8
Digerati Distribution,3,3,12
DiggerWorld Ltd.,0,6,4
Digital Arrow,0,0,2
Digital Confectioners,10,26,62
Digital Dawn Studios,0,0,6
Digital Extremes,94,200,717
Digital Happiness,0,0,2
Digital Leisure Inc.,3,7,0
Digital Melody,0,0,9
Digital Tentacle,0,0,2
Digitalmindsoft,11,17,51
Diminished Studios,0,0,6
Dimmdrive Inc.,0,0,1
Dingaling,0,6,3
Dingo Games,0,0,12
Dinosaur Polo Club,0,3,30
Dischan Media,0,0,16
Disney Interactive,0,0,1
DnS Development,4,0,0
Doctor Entertainment AB,12,12,51
Dodge Roll,0,0,8
DolphinBarn,0,0,3
DotEmu,0,1,7
Double Action Factory,24,42,69
Double Damage Games,0,5,0
"Double Eleven,Q-Games Ltd.",1,0,1
Double Fine Productions,15,36,121
Double Helix Games,0,1,1
"Double Helix Games,Rainbow Studios,THQ Nordic",0,0,8
DoubleBear Productions,3,0,6
DoubleDutch Games,40,90,255
Doublesix Games,0,0,2
Dovetail Games,2,7,21
Dragonfly,4,12,46
"Dragonfly GF Co., LTD",0,5,0
Dreadbit,0,0,3
Dreampainters,0,2,2
DrinkBox Studios,0,3,27
Drixy Games,0,0,5
Droqen,0,2,0
Dry Cactus,0,0,4
Duelboot,0,0,3
Dylan Fitterer,5,7,40
EA - Maxis,2,0,4
"EA - Maxis,Aspyr (Mac)",2,2,6
EA Black Box,0,0,2
EA Los Angeles,2,4,20
EA Redwood Shores,3,4,9
ES Team,0,0,1
EVGA,0,0,1
EXE-CREATE,0,0,3
EXOR Studios,1,1,0
Eagle Dynamics SA,0,0,1
EasyAntiCheat Ltd,0,0,2
EasyGameStation,2,4,18
Eat Create Sleep,12,4,8
Ed Key and David Kanaga,6,6,18
Edelweiss,4,0,2
"Eden Games,Hydravision Entertainment",0,2,0
Eden Industries,3,3,9
Eden Studios,1,1,5
Edge Case Games Ltd.,16,4,48
Edge of Reality,183,243,657
Edmund McMillen and Florian Himsl,120,112,504
"Edmund McMillen, Florian Himsl",0,8,12
"Edmund McMillen,James Id",0,0,2
"Edmund McMillen,Tyler Glaiel",0,0,3
Eforb,4,0,12
Egamea Game Studios,0,3,3
Eggcode,0,0,4
Eggtooth Team,1,0,0
Egosoft,19,4,10
Eidos Interactive,1,0,0
"Eidos Montreal,Feral Interactive (Mac)",6,8,38
Eidos Studio Hungary,0,4,2
"Eidos-Montréal,Feral Interactive (Mac)",14,16,18
EightyEightGames,0,9,13
Eko Software,6,30,66
Ekuator Games,0,0,2
Elder Games,0,0,2
Elecorn,12,6,42
Electronic Arts,3,3,6
Eleon Game Studios,5,0,15
"Elias Viglione,Jussi Kukkonen",5,10,55
Elijah Newman-Gomez,12,12,44
Elite Games Team,0,0,2
Elixir Studios,1,0,2
Elliptic Games,0,0,6
Emmanuel Salva Cruz,0,0,8
Empires,0,0,6
Empty Clip Studios,0,3,3
Endgame Studios,0,0,3
Endless Loop Studios,0,0,5
Endnight Games Ltd,145,145,550
Ensemble Studios,2,10,42
Entheogen Studios LLC,3,0,0
Entrada Interactive LLC,8,0,24
"Epic Games, Inc.",0,1,9
Epiphany Games,0,0,4
"Eric Chahi,DotEmu",0,0,2
"Eric Hartman,Ben Garney,Anthony Rotondo",12,21,21
Eric Provan - Ayyo Games,3,0,0
Erik Asmussen,3,0,21
"Erik Svedäng,El Huervo / Niklas Åkerblad,Tobias Sjögren,Oscar ""Ratvader"" Rydelius,Johannes Gotlén",0,0,3
Eugen Systems,7,8,23
Eurocom,0,0,2
Everything Unlimited Ltd.,8,20,42
Evil Twin Artworks,3,0,3
ExDream GmbH,0,0,4
Exato Game Studios,0,0,4
Exato Games Studio,0,0,10
Excalibur,0,0,1
Exe Games Inc.,10,18,12
Exor Studios,3,6,0
"Expansive Worlds,Avalanche Studios",104,89,195
Extend Studio,0,2,4
Eyebrow Interactive,0,0,2
Eyedentity Games Inc.,4,16,56
Eyemobi Ltd.,0,0,1
Eyzi,12,12,18
"FIX Korea, Co.LTD,FIX Games, Co. LTD",56,52,120
FOAM Entertainment,0,0,3
Fabio Ferrara,9,9,12
"Fabio Ferrara,Davide Caio,Nicolò Azzolini,Antonio Carcagnì,Luigi Di Guida,Tommaso Vita",26,10,42
"Fabio Ferrara,Giulia Airoldi",3,2,0
Facepunch Studios,1074,1584,4500
Failbetter Games,3,0,12
"Fancy Bytes, Reactor",0,0,2
FarSight Studios,0,4,4
Farsky Interactive,2,4,12
Fatshark,9,11,26
Fayju,0,3,3
Fermenter Games,0,0,2
Fictiorama Studios,0,0,2
"Filip Victor,Valve",0,3,6
Final Boss Entertainment,0,0,2
Final Form Games,0,0,6
"Finji,Kittehface Software",0,0,2
Firaxis Games,4,1,11
"Firaxis Games,Aspyr (Mac, Linux)",40,48,246
"Firaxis Games,Feral Interactive (Mac)",0,0,1
"Firaxis Games,Feral Interactive (Mac),Feral Interactive (Linux)",19,10,65
FireFly Studios,28,14,62
Firebase Industries Ltd.,0,0,4
Firemint,0,0,2
Fishcow Studio,0,0,2
Fishing Planet LLC,8,8,28
Fishlabs Entertainment GmbH,4,0,0
Fistful of Frags Team,33,126,180
Fixpoint Productions Ltd.,0,0,6
"Flashback Games,The Lordz Games Studio",0,0,1
Flump Studios,0,1,0
Flying Cafe for Semianimals,0,0,2
Flying Wild Hog,18,6,42
Flyleap Studios Pty. Ltd.,0,0,16
Focus Home Interactive,0,3,3
Forbes Consult Ltd,0,0,6
Forever Entertainment S. A.,4,11,6
"Fortress Forever Development Team,Trepid Studios",6,0,0
Four Quarters,2,2,2
FourbitFriday,0,0,4
Fractal Phase,0,0,3
FreakZone Games,6,6,6
Freakinware Studios,2,6,16
Fred Wood,0,2,6
Free Lives,36,136,236
Free Reign Entertainment,12,16,44
Freebird Games,33,33,117
Freegamer,2,1,0
Freejam,282,270,1044
Frictional Games,60,36,69
Frima Studio,0,0,2
Frogames,0,0,12
Frogdice,5,0,5
Frogwares,3,0,6
FromSoftware,98,34,120
"FromSoftware, Inc",52,36,100
"Frontier,Aspyr (Mac)",2,2,10
Frontwing,0,0,4
Frozenbyte,12,9,94
Fugazo,0,0,1
Full Control,3,0,3
Full Control Studios,0,2,8
FullPowerSideAttack.com,0,3,0
Fullbright,8,10,62
Funcom,6,8,25
"Funselektor Labs Inc.,FlippFly",0,5,20
Furiously Inactive Games,0,0,3
Futuremark,0,0,4
"GAME ARTS Co., Ltd.,SkyBox Labs",0,0,1
GDT Limited,0,0,5
GSC Game World,4,2,33
GTGD,0,0,2
GabberGames.com,0,0,2
Gaijin Entertainment,0,3,5
Gaijin Entertainment Corporation,0,0,8
Gaijin Games,14,16,47
Galactic Cafe,18,32,138
GalaxyTrail,0,0,18
Gambrinous,0,0,2
Game Dev Castle,0,0,9
Game Distillery s.r.o.,0,0,2
Game Mechanics,6,3,3
Game in a Bottle,0,0,3
Game-Labs,0,0,6
GameArt Studio GmbH,6,0,6
"GameConnect,InterWave Studios",4,2,6
GameCrafterTeam,2,0,0
GameORE,1,3,3
GamePrix,0,7,14
GameUS Inc.,6,0,6
Gameguyz,0,0,1
Gamepires,0,0,9
"Games by Robert, LLC",0,0,3
Gaming Minds,0,0,3
Gaming Minds Studios,0,0,2
Ganz,10,5,15
Gas Powered Games,4,2,26
"Gaslamp Games, Inc.",9,0,12
Gatling Goat Studios,0,0,3
"GearBox Software,Aspyr (Mac &amp; Linux)",0,2,0
Gearbox Software,8,19,75
"Gearbox Software,Aspyr (Mac &amp; Linux)",108,180,748
"Gearbox Software,Aspyr (Mac)",2,2,10
Geek Sloth Games,0,0,3
Genee Network,4,0,0
General Arcade,0,1,1
GhostShark,2,4,16
Giant Army,3,6,15
Giants Software,4,13,27
Gl33k,0,2,4
Glass Knuckle Games,0,0,5
GlyphX Games,0,0,1
Going Loud Studios,0,4,21
Goldhawk Interactive,0,0,6
GolemLabs,0,0,2
Gone North Games,3,3,9
Good Games,0,0,2
Gravity Interactive,5,3,6
"Gravity, Inc.",12,9,9
"Gravvit Ltd,Forbes  Consult Ltd",0,5,5
Gray Matter Studios,1,0,2
Great War Team,0,2,9
Greenheart Games,20,36,256
Gremlin Interactive,0,0,2
Grey Alien Games,0,0,1
Grey Havens,48,258,533
Grip Games,1,0,3
"Gromada,Buka Entertainment",0,0,2
Grynsoft,0,6,9
HE SAW,0,0,1
Haemimont Games,7,11,84
"Haemimont Games,Feral Interactive (Mac)",0,2,0
Halfbus,0,0,12
Halycon Media GmbH &amp; Co. KG,0,0,1
Hammer Labs,0,0,4
Hammerfall Publishing,3,0,9
Hanako Games,20,0,32
HandMade Game,2,0,0
Handyman Studios,0,4,36
Hardsuit Labs,28,58,188
Harebrained Schemes,0,0,36
Harvester Games,0,0,4
"Hassey Enterprises, Inc.",2,6,9
HeR Interactive,0,1,1
Headup Games / Crenetic,4,0,0
Headup Games / Radon Labs,0,0,1
Heartbit Interactive,0,0,2
Hellbent Games,0,0,3
Hello There AB,1,1,5
Hemisphere Games,0,2,2
"Henrique Pegacha,Rafael Lima,Nuno Guerreiro",3,0,0
Hesketh Studios,2,2,6
Hexage,0,0,2
Heydeck Games,0,0,8
Hi-Rez Studios,16,40,122
Hidden Path Entertainment,2,0,16
Hinterland Studio Inc.,16,20,84
Hippomancer,0,0,1
Hitbox Team,0,2,8
Hitcents,4,7,10
Holotech Studios,2,8,10
Holy Priest,16,4,32
"Holy Warp,Black Wing Foundation",3,2,0
Hoobalugalar_X,14,0,18
"Hopoo Games, LLC",33,51,222
Hosted Games,2,0,4
Hothead Games,5,0,4
House of Tales,0,0,1
Housemarque,0,0,3
Humble Hearts LLC,8,16,128
Humongous Entertainment,2,6,14
HuniePot,24,32,100
Hunted Cow Studios,0,0,30
Hydravision Entertainment,0,0,6
Hyper Hippo Games,39,106,193
HyperSloth,6,2,2
Hypercane Studios,5,0,0
Hörberg Productions,0,2,4
I Fight Bears,0,0,6
ICE Entertainment,0,0,12
"IDEA FACTORY Co., Ltd.,COMPILE HEART Co., Ltd.,FELISTELLA Co., Ltd.",2,12,34
IDHAS Studios,0,0,5
IF Studios,4,0,0
IMGN.PRO,2,0,0
IO Entertainment,3,0,3
IO Interactive,2,1,4
IPACS,0,2,0
Ian Campbell,4,2,12
Ice Water Games,4,16,32
Ice-Pick Lodge,3,0,7
Icetesy SPRL,0,0,7
Idea Factory,0,0,15
"Idea Factory,Compile Heart",0,1,0
"Idea Factory,Compile Heart,Felistella",0,10,6
"Idea Factory,Design Factory",0,0,1
Idigicon,1,0,2
Idol FX,0,4,2
Igry.ru,0,0,3
"Iguana Entertainment,Nightdive Studios",0,0,2
IllFonic,0,0,1
Illwinter Game Design,0,0,2
Imaekgames [Imaek Limited],0,5,0
Image &amp; Form,0,0,6
Immersive Douro,0,5,0
Incandescent Games,0,0,2
Infinite Interactive,0,0,3
Infinite Monkeys Entertainment Ltd.,0,0,4
Infinity Plus 2,0,0,12
Infinity Ward,33,14,48
"Infinity Ward,Aspyr (Mac)",18,24,54
Ino-Co,0,0,1
Ino-Co Plus,0,0,2
Instant Kingdom,0,0,4
Insurgency Development Team,1,1,2
InterAction studios,0,0,3
Interceptor Entertainment,0,2,6
Interdimensional Games Inc,0,0,4
Interplay Inc.,3,0,4
Introversion Software,76,37,202
Invent4 Entertainment,25,19,41
InvertMouse,7,0,20
Io-Interactive A/S,4,6,8
"Io-Interactive A/S,Feral Interactive (Mac)",10,10,44
Ion Storm,3,5,13
IonFX,0,0,2
IonFx,0,0,3
Iridium Studios,0,0,12
"Iron Galaxy Studios, LLC",0,4,6
Iron Tower Studio,2,0,0
"Ironclad Games,Stardock Entertainment",6,2,36
Ironhide Game Studio,0,3,36
Ironsun Studios,0,0,2
Irrational Games,0,0,2
"Irrational Games,Aspyr (Mac),Virtual Programming (Linux)",23,43,181
"Irrational Games,Looking Glass Studios",6,0,6
Italic Pig,0,0,2
Ivory Tower in collaboration with Ubisoft Reflections,6,18,18
JAVELIN OÜ,4,0,0
JForce Games,8,0,20
JIW-Games,0,5,10
"Jackbox Games, Inc.",2,0,12
Jae Lee Productions,0,2,0
Jagex Limited,42,62,150
"Jagex,Artplant",32,20,88
Jarhead Games,1,0,0
Jason Oda,0,0,3
Jason Rohrer,0,3,3
Jasper Byrne,5,0,5
"Jetdogs Studios,Zoom Out Games",2,0,4
JoWooD Vienna,2,0,0
Johannes Eski,0,10,15
John Cullen,0,0,2
Joshua Neurnberger,0,0,2
Joycity,10,20,25
Jujubee S.A.,0,0,4
JumpCore Productions,0,0,3
"JumpStart Games, Inc.",20,8,8
"Jundroo, LLC",2,0,4
"Jurlo,JetPackGone",0,0,2
"Just Add Water (Developments), Ltd.",3,3,6
KADOKAWA,2,2,12
KADOKAWA GAMES / GRASSHOPPER MANUFACTURE,0,0,3
"KADOKAWA,Yoji Ojima",0,0,4
KING Art,0,0,1
KITATUS STUDIOS,6,0,0
"KOEI TECMO GAMES CO., LTD.",7,4,6
KOG,30,42,84
Kaos Studios,0,0,1
"Kaos Studios,Digital Extremes",1,0,5
Katauri,3,3,15
Katauri Interactive,0,0,2
Keen Games,2,2,4
Keen Software House,10,15,45
Kerberos Productions,0,0,1
Kerberos Productions Inc.,0,0,1
Key17 Games,0,0,2
KillHouse Games,8,4,24
Kinelco &amp; Lone Elk Creative,0,0,6
KintoGames,4,0,8
Kittehface Software,3,0,0
Klei Entertainment,65,55,273
"Klei Entertainment,Capybara Games",0,0,12
Kloonigames,0,2,2
Knuckle Cracker,3,0,6
"Koboldgames,Daedalic Entertainment",0,0,2
Koga Tech Limited,0,0,1
Kojima Productions,2,4,30
Konami Digital Entertainment,22,36,54
Konsordo,8,0,12
Konstantin Koshutin,2,2,4
Kot in Action Creative Artel,0,2,0
Krillbite Studio,21,66,144
Krome Studios,0,2,3
Kronosaur Productions,0,0,3
Kudosoft,0,0,6
Kukouri,3,3,6
Kyle Seeley,170,205,370
Kylotonn Entertainment,0,0,1
Kylotonn Racing Games,1,0,0
LDC Studios,0,0,3
LGK Games,0,0,2
LUCKY GIRLS LIMITED,0,0,4
Lab Zero Games,22,40,68
Labyrinthine,0,4,4
Lag Studios,20,16,36
"Lamina Studios,Mike Studios",0,0,4
Laminar Research,0,0,3
Landfall,0,0,6
Landon Podbielski,2,4,14
Larian Studios,11,16,51
"Laser Guided Games, LLC",0,0,3
Last Day of Work,0,0,2
Last Dimension,0,0,2
Last Limb LLC,0,0,4
Lavaboots Studios,0,0,15
Lazy 8 Studios,0,0,4
Lazy Bum Games,0,0,3
Lazy Monday Games,0,0,4
League of Geeks,0,0,12
Legend Studio,0,0,3
Lemondo Entertainment,2,0,0
Lesley Dodd,0,3,3
Lesta Studio,3,0,0
"Level Up Labs, LLC",0,0,6
Lightbulb Crew,0,3,3
Lighthouse Games Studio,0,0,3
Lightmare Studio,0,0,3
Lightmare Studios,4,0,16
Limasse Five,0,0,2
Limbic Entertainment,4,0,2
Lino Slahuschek,2,4,20
"Lion Game Lion,OVERKILL - a Starbreeze Studio.",0,4,12
Lion's Shade,0,0,12
Lionhead Studios,1,8,31
Lionheart Creations,0,0,1
Little Green Men Games,3,0,12
Locomotivah,0,0,4
Lonely Troops,0,0,8
Looking Glass Studios,0,4,10
Lord Kres,6,0,9
Loren Lemcke,0,0,2
Lost Decade Games,0,0,3
Love Conquers All Games,1,0,5
LuGus Studios,0,0,20
"Luc Bernard,SilverSphereStudios",0,2,0
LucasArts,2,2,19
"LucasArts,Aspyr Studios",4,2,2
"Lucid Games,Aspyr (Mac &amp; Linux)",1,0,2
Lucky Frame,0,2,0
Ludosity,3,2,2
Lukewarm Media,8,0,36
Lunar Giant,0,0,4
"M2 Co.,LTD",2,0,1
"M2H,Blackmill Games",42,36,144
MAGES. Inc.,2,0,1
MAGIX Software GmbH,0,0,1
MEGAFUZZ,0,0,6
MOONSTONE,0,0,1
MR-Software GbR,1,0,5
MURA Interactive,3,0,6
Machine Games,6,5,28
MachineGames,0,0,4
MachineSpirit,0,0,3
"Maciej Targoni,Wojciech Wasiak",4,2,10
Mad Otter Games,4,12,20
Madruga Works,0,0,6
MagicalTimeBean,0,0,2
Malfador Machinations,0,0,2
Mana Games,0,0,3
Manic Game Studios,2,0,2
"Mario von Rickenbach,Michael Frei",0,3,18
Martin Ivanov,1,0,1
Marxnet,0,0,12
"Masangsoft, Inc.",27,54,72
Masthead Studios Ltd,20,0,10
"Matt Kap,Nicalis, Inc.",4,0,0
Matt Roszak,2,2,12
Matt Thorson,0,4,2
Matthew Brown,6,0,21
Maxis™,2,8,25
Mechanist Games,8,8,8
"Mediatonic,Hato Moa,The Irregular Corporation",6,3,18
"Mediatonic,The Irregular Corporation",0,4,0
Megadev,6,0,8
Memetic Games,3,0,3
MercurySteam,4,0,2
MercurySteam - Climax Studios,0,0,2
Meridian4,3,0,8
Messhof,12,6,45
Meteoric Games,0,0,5
Michael Todd Games,6,2,24
"Michael Todd Games,Yazar Media Group LLC",0,0,2
Michael Zahniser,5,0,25
Michaela Laws,0,0,8
"MicroProse Software, Inc",2,0,5
Microblast Games,21,12,33
Microsoft Game Studios,1,2,5
"Midgar Studio,Fusty Game",0,0,8
Might and Delight,5,3,23
Mighty Rabbit Studios,0,0,6
"Mighty Rabbit Studios,Gun Media",0,0,4
"Mighty Rabbit Studios,Gun.",0,0,12
Mighty Rocket Studio,0,0,2
"Milan Kazarka,Jeroen van Oosten",0,0,9
Milestone S.r.l.,0,0,9
Milkstone Studios,6,6,21
Mimimi Productions,0,0,6
MinMax Games Ltd.,0,0,20
Mindstorm Studios,0,0,3
"Mine Loader Software Co., Ltd.",2,4,14
MiniBoss,3,3,15
Minor Key Games,4,8,38
Minority Media Inc.,0,2,4
Mint Age Studios,0,4,22
Mirillis,0,0,8
Mirko Seithe,0,0,4
Misfits Attic,0,3,6
"Mithis Games,THQ Nordic",0,0,3
Mixamo,0,0,4
MoaCube,3,0,0
MobileBits,0,0,6
Mode 7,2,2,16
Modern Dream,2,0,4
MoeNovel,0,6,9
Mohawk Games,0,0,9
Moment Studio,3,0,0
Mommy's Best Games,2,0,2
"Monochrome, Inc",33,18,87
Monolith,1,0,0
Monolith Productions,2,0,0
"Monolith Productions, Inc.",16,56,95
"Monolith Productions, Inc.,Feral Interactive (Mac),Feral Interactive (Linux)",0,2,8
"Monolith Productions, Inc.,Timegate",3,2,2
"Monolith Productions,Feral Interactive (Mac),Feral Interactive (Linux)",28,24,132
Moon Studios GmbH,2,3,24
Moonlite Software,0,0,2
Moppin,0,0,9
Most Wanted Entertainment,0,0,3
Mouldy Toof Studios,25,50,150
Mountain Sheep,0,0,5
MovingBlocks,8,0,0
Mr. Blue,0,3,12
MuHa Games,0,0,3
Murudai,0,0,12
Muse Games,52,20,232
Muzzy Lane Software,0,0,3
Myrtilus Entertainment,0,0,4
Mystic Games,4,0,0
N3V Games,0,0,3
NAMCO,0,2,6
NAMCO BANDAI Games,1,0,1
NEXON Korea Corp.,35,0,28
NGD Studios,2,12,10
NIGORO,3,0,3
NIKITA ONLINE,0,0,8
Nabi Studios,72,64,188
Nacho Games,2,2,0
Nadeo,7,9,29
Naiad Entertainment LLC,0,5,0
Nate Schmold,0,0,4
Ndemic Creations,32,32,92
Necrophone Games,4,6,34
Neko Entertainment,0,0,3
Nemesys Games,1,0,1
NeoCoreGames,1,0,1
NeocoreGames,4,16,4
Nerd Kingdom Inc.,0,4,4
Nerdook Productions,2,0,0
Net Games Laboratory,4,4,8
Netcore Games,3,3,9
NetherRealm Studios,1,1,0
"NetherRealm Studios,High Voltage Software",16,16,36
Never Don't Play,0,0,3
New World Interactive,84,96,360
Nexon,115,83,247
"Nicalis, Inc.",32,23,87
"Nicalis, Inc.,Edmund McMillen",10,8,24
Niffler Ltd.,1,0,0
Night Node,0,0,18
Nihon Falcom,0,3,5
Nikita,0,0,1
Nimbly Games,0,3,15
"Nina Freeman,Emmett Butler,Decky Coss,Joni Kittaka",10,4,6
"Nina Freeman,Laura Knetzger,Stephen Lawrence Clark",1,0,1
Nine Dots Studio,0,0,4
Ninja Kiwi,0,6,12
Ninja Theory,10,6,30
Nival,18,10,17
No More Room in Hell Team,156,195,450
Noble Empire Corp.,12,9,66
Nocturnal works,0,2,0
"Noio,Licorice",6,0,6
Nom Nom Games,4,4,12
Nomad Games,3,4,34
North of Earth,0,2,6
"Northway Games,Sarah Northway",0,0,6
NotGames,2,5,8
"Nova Dimension,Naga Entertainment",2,0,2
NovaLogic,0,1,1
"Noviy Disk,Lesta Studios Inc",0,1,0
Numantian Games,0,0,1
Number None,0,0,18
Nyamyam,0,0,3
OCCA Studios,0,0,5
"OCR Dev Team,Onur Uça",0,0,10
OVERDRIVE,1,1,12
OVERKILL - a Starbreeze Studio.,14,38,62
OVERKILL Software,14,48,83
Obsidian Entertainment,60,106,407
"Obsidian Entertainment,Aspyr (Mac, Linux, &amp; Windows Update)",1,0,9
Octoshark Studios,9,3,18
Oddworld Inhabitants,1,2,30
Odin Game Studio,0,6,24
Offworld Industries,8,4,24
Old School Games,1,2,5
"Olde Sküül,Sculptured Software",0,0,2
"Olli Harjola, Otto Hantula, Tom Jubert, Carlo Castellano",0,3,21
Omniconnection,3,3,3
On The Level Game Studios,0,0,3
Onson Soft,0,0,6
Oovee® Game Studios,24,9,72
Opus,0,3,21
Orange_Juice,8,6,11
Orbital Knight,0,0,2
Oreol,6,0,0
Organic Humans,3,0,3
Orion Games,1,0,0
Orlyapps,0,2,8
Orthogonal Games,3,0,0
Oryx Design Lab,0,5,0
Ostrich Banditos,3,0,12
Osumia Games,8,6,4
Other Ocean Interactive,0,0,2
Outerlight Ltd.,22,7,42
Outerminds Inc.,0,0,3
Over The Moon,3,0,15
Over the Top Games,0,0,8
Owl Cave,2,0,0
Owlchemy Labs,0,4,8
Oxide Games,0,0,1
PERFECT PARALLEL,0,4,0
PIXOWL INC.,4,8,0
PIXYUL,0,0,2
Pandemic Studios,13,17,58
Panzer Gaming Studios,5,0,0
Paradox Development Studio,58,51,172
Passtech Games,0,0,2
Pathea Games,0,10,30
Paul Fisch,3,12,27
Payload Studios,3,3,12
PestoForce,0,0,4
Peter Moorhead,0,0,2
Petit Depotto,0,0,3
Petroglyph,1,0,6
Phenomenon Games,4,0,0
Phigames,0,0,8
Phoenix Game Studio,0,3,0
Phoenix Studio,0,6,0
Phosphor Games Studio,80,60,220
Photon Arena,0,0,5
Phr00t's Software,3,6,9
PiGravity,6,0,2
Pieces Interactive,4,4,4
PillowPigGames,2,0,0
"Pinokl Games,Kverta",0,0,6
Piranha Bytes,1,0,3
Piranha Games Inc.,0,5,10
Pivotal Games,0,0,1
"Pixel Dash Studios, EQgames",5,15,35
Pixel Ferrets,0,0,5
PixelFade Inc,0,0,6
Pixeljam,0,2,0
PlatinumGames,5,2,20
PlayWay S.A.,0,1,0
Playbrains,1,1,0
Playdead,2,14,32
Playsaurus,112,147,245
Pocketwatch Games,30,45,145
Point Five Projects,0,2,0
"PolarityFlow,Adrian Zingg",0,0,4
PolyKid,0,0,3
PolyPusher Studios,2,0,0
Polytron Corporation,1,3,27
"PopCap Games, Inc.",6,12,16
"PopTop Software,BreakAway Games,Frog City Software",2,0,0
Poppermost Productions,10,0,60
Portalarium,0,0,3
Positech Games,0,21,57
PostMod Softworks,0,0,4
Power of 2,15,23,57
Powerhoof,0,0,12
Press Play,0,0,1
Pribuni,0,0,3
Primal,0,0,1
Priority Interrupt,0,0,25
Prism Game Studios Ltd.,9,3,39
ProjectorGames,17,5,0
Proton Studio Inc,0,4,40
Proxy Studios,0,0,2
Psychic Software,6,12,12
"Psyonix, Inc.",80,140,368
Puny Human,8,3,22
Puppygames,0,3,18
Pwnee Studios,0,0,1
Pyro Studios,2,0,3
Q-Games Ltd.,0,3,0
QCF Design,0,10,5
QUICKTEQUILA,2,2,6
"QUICKTEQUILA,Calum Bowen",0,0,2
Qooc Software,2,4,2
Quantized Bit,0,0,2
Quantumfrog,0,0,1
Question,0,0,10
Quickfire Games,0,0,6
Qwiboo Ltd,0,0,2
REMIMORY,0,3,6
Racing Bros,4,0,16
"Radial Games Corp,Dejobaan Games, LLC",0,0,25
"Radial Games Corp,Loren Bednar,Dr. Kimberly Voll,Lindsay Jorgensen",0,0,15
Radiant Entertainment,0,8,16
Radical Entertainment,8,2,18
Radical Fish Games,0,0,2
RageSquid,0,0,3
Ragequit Corporation,12,6,14
Ragiva Games e.K.,0,0,4
Rail Slave Games,12,11,8
Rain Games,1,0,0
Rainbow Games,0,0,2
"Rainbow Studios,THQ Nordic",0,0,3
Rake in Grass,4,0,6
Raptor Claw Games,0,0,4
Ratloop Asia,4,2,2
"Raven Software,Aspyr (Mac)",5,1,9
Raylight Games,2,0,0
Razorworks,0,1,2
Razvan,0,2,0
Re-Logic,256,440,1988
Reactor Zero,0,0,4
Reakktor Studios,3,0,15
Real Dynamics,0,0,6
Reality Pump,3,0,7
Reality Pump Studios,2,0,7
Realmforge Studios,2,0,4
Rebellion,28,21,101
Recoil Games,3,0,12
Red Barrels,75,57,111
Red Duck Inc.,8,6,6
Red Dwarf Games,0,4,12
Red Hook Studios,30,6,33
Red Storm Entertainment,0,0,2
"Red Storm Entertainment,Ubisoft Montreal",0,0,1
Red Team Games,0,0,4
Red Thread Games,0,0,4
"RedLynx, in collaboration with  Ubisoft Shanghai, Ubisoft Kiev",0,0,4
Redlynx,0,0,3
"Redlynx Ltd,Ubisoft  Shanghaï",4,6,12
Redshift,0,0,3
Redwood Games,0,0,2
Reiza Studios,4,11,12
Relic,2,2,7
Relic Entertainment,7,17,56
"Relic Entertainment,Feral Interactive (Mac),Feral Interactive (Linux)",7,11,53
"Relic Entertainment,Feral Interactive (Mac/Linux)",3,6,11
"Relic Entertainment,THQ Nordic",0,0,1
Reloaded Productions,78,117,246
Remedy Entertainment,12,7,46
Renegade Kid,0,0,2
Replay Studios,0,1,1
Reto-Moto,164,104,468
Retro Army Limited,0,0,3
Retro Yeti Games,0,4,6
Retronic Games,4,0,0
Reverie World Studios,6,6,48
Revolution Software Ltd,0,0,2
Rhaon Entertainment,0,0,5
Rising Star Games,2,0,2
Rising Sun Interactive,0,0,3
Rival Games Ltd,0,0,2
Rob Howland,0,0,9
RobTop Games,12,22,70
Robot Entertainment,12,26,87
Robot Gentleman,10,0,5
Robotronic Games,3,3,15
Rocket Bear Games,3,0,6
"Rocketeer Games Studio, LLC",5,5,55
Rockstar Games,3,17,35
Rockstar New England,6,8,30
Rockstar North,95,128,290
Rockstar North / Toronto,2,0,7
Rockstar Studios,5,11,25
Rocksteady Studios,24,8,68
"Rocksteady Studios,Feral Interactive (Mac)",24,48,134
"Rodeo Games,Twistplay",2,0,0
Rogue Factor,0,0,2
Rogue Snail,0,9,12
Roll7,3,3,6
"Roll7,General Arcade",2,2,4
Ronimo Games,63,88,435
Rooster Teeth Games,3,0,36
Rovio Entertainment Ltd,1,0,1
Rsupport Inc.,0,2,2
Rubycone,3,3,3
"Rudolf Kremers &amp; Alex May,Tuna",0,0,2
Rune Forge,0,0,2
Runic Games,13,58,256
Running With Scissors,68,64,116
Russpuppy,0,3,0
S.C. 16 BIT NIGHTS S.R.L.,0,0,20
S2 Games,4,8,24
SCS Software,20,42,148
SDEnterNet,0,6,6
SEGA,7,9,47
"SEGA Studios Australia,Feral Interactive (Mac)",0,0,2
SFB Games,0,0,4
SMG Studio,0,0,6
SNK CORPORATION,1,3,4
"SNK CORPORATION,Code Mystics",0,2,0
"SNK CORPORATION,DotEmu",4,5,8
STRIKEWORKS,0,0,2
STUDIO RADI-8,2,2,6
Saber Interactive,0,0,3
"Sachonski,Renamilanesi,Sith",4,0,4
Sakari Indie,0,0,2
Sakari Indie &amp; GriN,0,0,3
Sakura River Interactive,0,0,9
Samurai Punk,2,0,12
Sandlot Games,0,0,1
Sandswept Studios,2,2,2
Santa Ragione,0,4,2
Sapphire Dragon Productions,3,3,3
Sauropod Studio,2,0,12
Scary Bee LLC,5,0,0
"Schine, GmbH",14,0,21
Scirra,0,0,5
Scott Cawthon,138,97,188
Screwfly Studios,3,0,0
Sean Davy,0,3,0
Sebastian Nigro,0,0,5
Secret Base,0,3,0
Secret Exit Ltd.,12,9,54
Section Studios,8,12,60
Sector3 Studios,24,16,44
Semaphore,3,3,9
Senscape,2,2,10
Serenity Forge,0,0,2
Serious Brew,0,0,2
Shadow Planet Productions,3,0,0
Shark Punch,3,0,0
ShaunJS,2,0,0
Shawn Beck,2,2,0
Sherman3D,5,0,0
Shield Break Studios,0,0,2
Shifty Chair Games,0,0,1
Shining Gate Software,0,0,2
Shining Rock Software LLC,36,24,105
Shiro Games,9,6,22
Shiver Games,9,3,9
Shortbreak Studios s.c.,2,6,6
Shumkov Dmitriy,26,33,92
Sigma Team Inc.,0,0,3
Signal Studios,0,0,4
"Signal Studios,Krome Studios",0,5,5
"Signal Studios,Smart Ghost",10,0,35
Silesia Games Sp. z o.o.,3,0,0
Silk Games,3,0,0
Silver Dollar Games,9,24,87
Silver Wish Games,1,0,0
"Silverlode Interactive,Wasatch Games",4,0,0
SimBin,1,1,3
Simogo,4,2,8
Simon Roth,0,4,0
Sixteen Tons Entertainment,0,0,6
Size Five Games,0,2,0
Skinny Jean Death Studios,4,0,0
Skobbejak Games,3,0,3
Sky Drake Studios,0,0,5
Sky Fallen,0,1,0
"SkyBox Labs,Big Huge Games",4,6,22
"SkyBox Labs,Forgotten Empires",1,0,0
"Skybox Labs,Hidden Path Entertainment,Ensemble Studios",8,18,53
Slant Six Games,2,0,1
"Sledgehammer Games,Raven Software",20,12,39
Slightly Mad Studios,1,0,6
Smack Down Productions,0,0,1
Small Town Studios,2,0,0
Smartly Dressed Games,670,1080,2750
SmashGames,16,4,136
Smashball Labs LLC,2,0,0
Smoking WOLF,0,2,8
Smolders,0,0,3
Smudged Cat Games Ltd,2,0,1
Snails Animation,3,3,0
Snapshot Games Inc.,3,0,9
Snowbird Games,0,0,4
Snowblind Studios,6,4,20
Soccer Manager Ltd,2,0,0
Social Loner Studios,0,0,2
SoftStar,0,0,4
Solest Games,0,3,0
"Soloweb Studios,Ravens Eye Studio",0,0,4
Sometimes You,3,9,0
Somi,3,0,3
Sonic Team,1,0,3
Sos,6,9,36
South East Games,3,4,19
Southend,0,0,1
Soviet Games,0,12,48
Space Boat Studios,7,14,0
Space Budgie,0,1,1
"Space Cat Studios,SnowFlame,Back To Basics Gaming",0,4,12
Spaces of Play,0,0,3
Spark Unlimited,2,1,2
"Sparpweed,Codeglue",0,3,12
Spasman Games,2,0,23
Spearhead Games,0,6,20
Spectral Games,0,0,2
Spellbound Studios,0,1,0
Spicy Horse,0,0,4
Spicy Tails,2,1,1
Spicyhorse Games,0,2,4
Spiderling Studios,54,27,108
Spidermonk Entertainment,2,0,1
Spiders,2,2,2
Spiderweb Software,0,0,3
Splash Damage,52,48,174
Split Polygon,0,0,4
Spooky Squid Games Inc.,2,0,6
Sproing,0,0,6
Spry Fox LLC,0,1,0
Squad,30,42,186
Square Enix,17,8,78
"Square Enix,DotEmu SAS.",0,0,2
Stage 2 Studios,3,0,6
Stainless Games,2,4,15
Stainless Games Ltd,0,0,2
Stainless Games Ltd.,4,2,20
Stamina-Games,0,4,4
"Standing Stone Games, LLC",9,21,43
Star Gem Inc.,24,16,96
Star Vault AB,0,0,10
StarQuail Games,0,0,2
Starbreeze,2,3,3
Starbreeze Studios AB,15,6,84
Stardock Entertainment,3,0,21
State of Play Games,0,0,3
Stately Snail,0,0,3
Steel Monkeys,2,6,2
Stegersaurus Software Inc.,6,15,33
StephenAllen,0,0,2
Still Running,2,0,0
Stoic,0,0,28
Stolen Couch Games,0,3,5
Stone Blade Entertainment,0,0,4
Storybird,0,2,2
Stout Games,2,2,6
Straight Right,4,2,0
Strange Fire,0,0,16
Strange Loop Games,0,0,3
Strategy First,1,0,0
Streum On Studio,9,15,18
Stridemann,8,28,56
Strike Games,2,0,2
Studio Bean,0,0,2
Studio Eres,3,0,0
Studio Fizbin,0,0,6
Studio Pixel,0,0,9
Studio Whisky Tango Inc.,0,0,3
"Studio Wildcard,Instinct Games,Efecto Studios,Virtual Basement LLC",210,160,590
StudioGIW,0,0,3
Stunlock Studios,0,0,3
Stygian Software,0,0,4
Subatomic Studios LLC,0,3,3
Subset Games,84,27,300
Subsoap,0,2,12
Subvert Games,0,0,6
Sumo Digital,6,30,34
Sun-Studios,0,0,2
Sunlight Games,2,0,0
SuperVillain Studios,10,2,6
Supergiant Games,12,30,267
Suspicious Developments,12,21,159
Sweet Dog Studios,0,6,6
Swing Swing Submarine,0,0,6
Switchblade Monkeys Entertainment,0,4,6
Synergy Team,0,14,36
T3 Entertainment,3,0,0
TB Games,24,6,42
TERC,0,0,4
TML Studios,1,0,1
TML-Studios,0,1,3
TORaIKI,0,0,3
"TT Fusion,Traveller's Tales,Feral Interactive (Mac)",0,2,8
TT Games,2,4,6
"TT Games Ltd,Feral Interactive (Mac)",2,2,12
"TT Games,Traveller's Tales",1,4,6
TURBOGUN,0,0,4
Talawa Games,0,0,3
Tale of Tales,0,4,0
TaleWorlds Entertainment,64,68,272
"TaleWorlds Entertainment,Flying Squirrel Entertainment",2,2,6
Tall Tail Studios,4,0,0
Tango Gameworks,5,1,1
Targem Games,0,3,0
Tasharen Entertainment Inc.,0,0,12
Tasty Stewdios LLC,0,0,4
Tate Multimedia,0,4,16
Team 6 Studios,4,0,2
"Team Bondi,Rockstar Leeds",6,2,22
"Team Chaos, LLC",0,0,4
Team Chivalry,3,0,6
Team Eleven Eleven,0,12,18
Team Fractal Alligator,2,4,6
Team Jolly Roger,2,0,6
Team Meat,10,18,35
"Team NINJA,KOEI TECMO GAMES CO., LTD.",3,1,2
Team Psykskallar,117,105,84
Team Reptile,0,9,45
Team17 Digital Ltd,6,11,19
Team17 Software Ltd.,0,0,1
Team6 game studios B.V.,0,0,3
Techland,27,23,109
Technetium Games,1,0,0
Teeworlds Team,0,0,6
Telltale Games,85,81,386
"Tendershoot,A Jolly Corpse",0,0,2
Tennen-sozai,0,0,1
Teotl Studios,6,0,0
"Tequila Works, S.L.",9,9,36
Terri Vellmann,4,0,2
Terrible Posture Games,0,0,4
Terry Cavanagh,78,70,176
Test3 Projects,6,4,4
Teyon,1,0,0
The Astronauts,0,0,12
The Behemoth,163,289,924
The Binary Mill,0,0,3
The Chinese Room,12,3,15
The Creative Assembly,3,4,10
"The Creative Assembly,Feral Interactive (Mac)",5,4,12
"The Creative Assembly,Feral Interactive (Mac),Feral Interactive (Linux)",9,11,35
The Farm 51,2,4,1
The Game Kitchen,0,0,2
The Indie Stone,44,8,116
The Men Who Wear Many Hats,3,9,24
The Odd Gentlemen,0,1,5
"The Quinnspiracy,Patrick Lindsey,Isaac Schankler",24,16,28
The Sims Studio,8,5,7
The Working Parts,0,0,6
Thomas Bowker,4,8,18
Thomas Happ Games LLC,0,0,3
Threaks,4,0,4
Three Gates,0,3,0
Three Rings,5,0,15
TickTock Games,0,0,5
Tiger Style,0,0,3
Tigerish Games,2,0,4
Tim Sullivan,0,0,1
TimeGate Studios,1,0,2
TimeSymmetry,3,0,3
Tin Man Games,0,0,6
Tindalos Interactive,0,0,2
Tlön Studios,0,3,3
"Tlön Studios,Ilex Games",3,3,6
ToMorning Productions,0,0,4
"Toadman Interactive,Fatshark",0,3,0
Toge Productions,0,0,12
Tomasz Wacławek,0,0,4
"Tomi Maarela,Elias Viglione",12,6,18
Tomoaki Sugeno,0,0,4
Tomorrow Corporation,9,24,68
Torn Banner Studios,88,96,220
Totally Games,1,0,0
Touz,8,0,8
Tragnarion Studios,0,0,2
Transcendent Games,2,0,4
Transhuman Design,2,2,48
Trapdoor Inc.,0,0,3
Trashmasters,2,0,3
Trav Nash,4,4,0
Traveller's Tales,10,16,72
"Traveller's Tales,Feral Interactive (Mac)",6,0,9
Travian Games GmbH,0,3,1
TreeFortress Games,0,0,6
"Trek Industries, Inc",120,144,284
Trendy Entertainment,14,67,235
Trese Brothers,0,0,4
Treyarch,67,75,211
Triangle Studios,0,0,4
Tribe Studios,15,10,10
Tribute Games Inc.,8,0,11
Trickstar Games,0,0,1
Trinoteam,2,0,0
Trion Worlds,102,177,507
"Trion Worlds, Inc.",32,40,104
Tripwire Interactive,121,172,393
Triumph Studios,0,0,2
"Triumph Studios,Virtual Programming",2,2,3
Troika Games,0,2,4
Tuomo Laine,0,0,2
Turbo Pixel Studios,0,0,6
Turbo Tape Games,1,0,0
"Turtle Cream,PokPoong Games",0,0,4
Turtle Rock Studios,18,24,54
Twice Circled,0,0,3
Twisted Pixel Games,0,0,2
Two Tribes,2,2,28
"Ty Taylor and Mario Castañeda,The Quantum Astrophysicists Guild",0,0,21
U.S. Army,8,4,28
"UBIart Montpellier,Feral Interactive (Mac)",2,0,4
Uber Entertainment,16,73,133
Ubisoft,58,23,103
Ubisoft  Shanghaï,2,0,0
Ubisoft - San Francisco,2,0,24
Ubisoft Montpellier,11,2,24
Ubisoft Montreal,55,69,173
"Ubisoft Montreal, Massive Entertainment, and Ubisoft Shanghai",46,50,140
"Ubisoft Montreal, Red Storm, Shanghai, Toronto, Kiev",20,12,32
Ubisoft Montréal,2,1,8
"Ubisoft Paris,Red Storm Entertainment",0,1,1
"Ubisoft Quebec, in collaboration with Ubisoft Annecy, Bucharest, Kiev, Montreal, Montpellier, Shanghai, Singapore, Sofia, Toronto studios",0,0,6
Ubisoft Reflections,0,0,1
Ubisoft Romania,0,1,1
Ubisoft Sofia,0,2,2
"Ubisoft Sofia,Ubisoft Kiev",0,2,6
Ubisoft Toronto,8,0,32
Ultra Runaway Games,0,0,3
Ultravision Interactive,0,0,2
Undead Labs,57,21,165
Underdog Games,2,0,0
Unfinished Pixel,0,0,3
Unicorn Games Studio,0,0,1
Unigine LLC.,2,0,0
United Front Games,1,0,2
"United Front Games,Feral Interactive (Mac)",0,3,18
United Independent Entertainment GmbH,3,3,2
"United Independent Entertainment GmbH,Actalogic",0,0,1
Unknown Worlds Entertainment,33,54,72
Unwonted Studios,0,0,4
"Upper One Games,E-Line Media",4,0,4
Uppercut Games Pty Ltd,0,0,2
Urban Games,0,0,12
VIS - Visual Imagination Software,6,0,2
VIS Interactive,0,2,0
VStep,1,1,2
Vae Victis Games,0,0,15
Vagabond Dog,4,0,8
Valve,1232,3020,7988
Vanguard Games,1,0,0
"Vanguard Games,343 Industries",0,1,16
"Vblank Entertainment, Inc.",4,4,20
"Vectorpark, Inc.",0,0,3
Vertigo Games,2,0,0
Vertigo Gaming Inc.,4,12,24
Very Simple Idea Studios,0,0,5
"Vicious Cycle Software, Inc.",1,0,1
Vigil Games,2,0,14
"Ville Mönkkönen,Anne Mönkkönen",0,0,3
Vine,0,0,12
"Virgin Interactive Entertainment,PriitK",0,0,4
"Virtual Basement LLC,Code Headquarters LLC",2,0,8
Visceral Games,2,0,1
Visual Concepts,4,0,1
VisualArts/Key,2,0,5
Vitali Kirpu,32,24,68
Vivid Games S.A.,0,0,1
Vlambeer,39,63,138
"Vlambeer,Croteam",0,0,3
Vogelsap,0,2,0
Volition,22,51,120
"Volition, Inc.",1,0,2
"Volition,Reactor Zero,THQ Nordic",5,1,8
Vortal Storm,6,4,6
Vostok Games,40,25,25
Voxler Games,0,0,2
WARTEAM,18,12,42
"WB Games Montreal,Splash Damage",22,26,84
WRF Studios,0,0,3
WZOGI,2,0,0
Wales Interactive,0,3,0
Walter Machado,0,0,4
Wanako Games,1,0,0
WayForward,4,0,16
"WayForward,Abstraction Games",0,0,8
WhiteMoon Dreams,0,0,2
Wild Games Studio,12,6,12
Wild Shadow Studios,200,200,555
WildTangent,0,0,3
Wildgrass,0,0,4
Windybeard,0,0,2
Winter Wolves,0,0,12
"Wisdom Tree, Inc.",0,0,1
Witch Beam,0,0,6
With The Love Studios,0,0,2
Wizarbox,2,0,4
Wolfire Games,12,13,74
"World-Loom,Nitreal",0,0,3
Wyrmbyte,10,10,15
X-Legend,5,20,90
"X1 Software,AWAR",0,0,3
XGen Studios,0,0,1
XLGAMES,6,6,27
XYLA Entertainment,3,3,9
"Xavi Canal, Ben Palgi",4,8,4
Xaviant,6,0,18
Xtal Sword,2,2,8
YFC games,0,0,9
Yacht Club Games,3,9,36
Yager Development,32,16,104
Yakiniku Banzai,0,3,6
YeaBoing,2,0,0
Yeti Trunk,0,0,4
Young Horses,15,21,54
Z4G0 and Ivan Venturi Productions,0,0,3
Zachtronics,2,9,21
ZackBellGames,0,0,3
Zandel Media,0,0,2
Zanrai Interactive,0,0,2
Zaratustra Productions,0,0,3
"Zaxis Games,B-evil",2,0,2
Zbigniew Ochman,0,2,0
Zeboyd Games,2,0,8
Zeiva Inc,0,0,20
Zen Studios,0,0,5
Zenimax Online Studios,8,2,42
Zero Point Software,5,25,105
Zero Sum Games,6,0,4
Zeroscale,5,5,5
Zombie Panic Team,9,33,54
Zombie Studios,6,2,4
Zootfly,0,0,4
Zoë Mode,0,1,1
"Zykov Eddy,Xitilon",0,3,3
app2fun,0,1,0
b-Alive,2,0,0
b-alive gmbh,0,4,4
bitHuffel,0,0,2
doublesix,0,0,1
electrolyte,0,0,2
exosyphen studios,0,0,2
"gord10,Aslan Game Studio",6,0,0
id Software,15,13,50
inXile Entertainment,4,0,22
increpare games,2,0,2
inner seas,0,0,3
isTom Games Kft.,0,6,2
kunst-stoff GmbH,0,0,4
marbenx,6,18,27
minori,1,0,2
momoStorm Entertainment,3,0,0
nFusion Interactive,3,0,0
ninjalex,0,0,6
nornware AB,0,3,0
oddonegames,0,0,3
practicing01,0,2,0
quad games,0,3,0
rdt.32,0,0,16
roseVeRte,0,3,0
souvenir circ.,2,0,0
sparsevector,18,9,21
stage-nana,4,3,9
storm_sharks,4,0,0
the whale husband,12,24,24
tinyBuild,4,0,0
tobyfox,46,34,162
varlamov5264,0,4,0
vidiludi games and entertainment,0,0,5
webgames,0,0,3
"高考恋爱委员会,橘子班",0,0,4
